run,game,turn,seat,blanks,rack_tiles,wall_ms,cpu_ms
1788517029,0,0,0,1,7,16.4486,15.5116
1788517029,0,1,1,0,7,0.9174,0.8533
1788517029,0,2,0,0,7,1.0866,1.0226
1788517029,0,3,1,0,7,0.8961,0.8327
1788517029,0,4,0,0,7,0.3900,0.3619
1788517029,0,5,1,0,7,0.4962,0.4523
1788517029,0,6,0,0,7,0.4130,0.3793
1788517029,0,7,1,0,7,0.5273,0.4975
1788517029,0,8,0,0,7,1.0768,0.9322
1788517029,0,9,1,0,7,0.7763,0.7293
1788517029,0,10,0,0,7,0.3955,0.3695
1788517029,0,11,1,0,7,0.4672,0.4319
1788517029,0,12,0,1,7,2.3369,2.1660
1788517029,0,13,1,0,7,0.3571,0.3291
1788517029,0,14,0,0,7,0.3010,0.2784
1788517029,0,15,1,0,7,0.2739,0.2481
1788517029,0,16,0,0,7,0.3786,0.3489
1788517029,0,17,1,0,7,0.2295,0.2159
1788517029,0,18,0,0,7,0.3752,0.3499
1788517029,0,19,1,0,7,0.4587,0.4190
1788517029,0,20,0,0,7,0.2289,0.2127
1788517029,0,21,1,0,7,0.2438,0.2227
1788517029,0,22,0,0,7,0.2251,0.2077
1788517029,0,23,1,0,7,0.3150,0.2802
1788517029,0,24,0,0,7,0.2503,0.2378
1788517029,0,25,1,0,7,0.2558,0.1885
1788517029,0,26,0,0,7,0.1960,0.1799
1788517029,0,27,1,0,7,0.2896,0.2597
1788517029,0,28,0,0,7,0.2355,0.2178
1788517029,0,29,1,0,7,0.1958,0.1796
1788517029,0,30,0,0,7,0.1950,0.1764
1788517029,0,31,1,0,7,0.1878,0.1694
1788517029,0,32,0,0,7,0.1652,0.1496
1788517029,0,33,1,0,7,0.2025,0.1863
1788517029,0,34,0,0,7,0.1750,0.1601
1788517029,0,35,1,0,7,0.2674,0.2466
1788517029,0,36,0,0,7,0.2433,0.2241
1788517029,0,37,1,0,7,0.4645,0.4294
1788517029,0,38,0,0,7,0.4005,0.3750
1788517029,0,39,1,0,4,0.4998,0.4471
1788517029,0,40,0,0,3,0.3204,0.2973
1788517029,0,41,1,0,3,0.2233,0.1985
1788517029,0,42,0,0,2,0.1405,0.1273
1788517029,0,43,1,0,2,0.1797,0.1565
1788517029,0,44,0,0,1,0.1321,0.1205
1788517029,1,0,0,0,7,0.2579,0.2379
1788517029,1,1,1,0,7,1.4684,1.3655
1788517029,1,2,0,0,7,0.4681,0.4248
1788517029,1,3,1,0,7,0.9623,0.9050
1788517029,1,4,0,0,7,0.3446,0.3162
1788517029,1,5,1,0,7,0.5591,0.5220
1788517029,1,6,0,0,7,0.7444,0.6734
1788517029,1,7,1,0,7,0.3849,0.3596
1788517029,1,8,0,0,7,0.4396,0.4045
1788517029,1,9,1,0,7,0.2856,0.2633
1788517029,1,10,0,0,7,0.8164,0.7587
1788517029,1,11,1,0,7,0.3120,0.3038
1788517029,1,12,0,0,7,0.6084,0.5669
1788517029,1,13,1,0,7,0.4793,0.4449
1788517029,1,14,0,0,7,0.4982,0.4642
1788517029,1,15,1,0,7,0.4313,0.3978
1788517029,1,16,0,0,7,0.4216,0.3906
1788517029,1,17,1,1,7,3.8858,3.6293
1788517029,1,18,0,1,7,1.5394,1.4366
1788517029,1,19,1,0,7,0.4643,0.4291
1788517029,1,20,0,0,7,0.3045,0.2815
1788517029,1,21,1,0,7,0.3978,0.3694
1788517029,1,22,0,0,7,0.2658,0.2437
1788517029,1,23,1,0,7,0.2829,0.2617
1788517029,1,24,0,0,7,0.2379,0.2199
1788517029,1,25,1,0,7,0.2740,0.2541
1788517029,1,26,0,0,7,0.2471,0.2226
1788517029,1,27,1,0,7,0.1837,0.1697
1788517029,1,28,0,0,7,0.1680,0.1546
1788517029,1,29,1,0,7,0.2171,0.2007
1788517029,1,30,0,0,7,0.2272,0.2098
1788517029,1,31,1,0,7,0.2832,0.2624
1788517029,1,32,0,0,4,0.1710,0.1536
1788517029,1,33,1,0,3,0.1978,0.1933
1788517029,1,34,0,0,3,0.1329,0.1219
1788517029,1,35,1,0,2,0.1267,0.1159
1788517029,2,0,0,0,7,0.4736,0.4417
1788517029,2,1,1,0,7,1.6121,1.4998
1788517029,2,2,0,0,7,2.7783,2.6091
1788517029,2,3,1,0,7,0.9442,0.8844
1788517029,2,4,0,0,7,0.7750,0.7180
1788517029,2,5,1,0,7,0.7301,0.6792
1788517029,2,6,0,0,7,0.5032,0.4640
1788517029,2,7,1,0,7,0.3024,0.2794
1788517029,2,8,0,0,7,0.3312,0.2935
1788517029,2,9,1,0,7,0.3688,0.3492
1788517029,2,10,0,1,7,0.9970,0.9228
1788517029,2,11,1,1,7,0.8182,0.7623
1788517029,2,12,0,0,7,0.3899,0.3696
1788517029,2,13,1,0,7,0.3430,0.3153
1788517029,2,14,0,0,7,0.2853,0.2618
1788517029,2,15,1,0,7,0.2832,0.0495
1788517029,2,16,0,0,7,0.2303,0.4565
1788517029,2,17,1,0,7,0.1804,0.1631
1788517029,2,18,0,0,7,0.2021,0.1858
1788517029,2,19,1,0,7,0.5025,0.4610
1788517029,2,20,0,0,7,0.1983,0.1835
1788517029,2,21,1,0,7,0.2229,0.2047
1788517029,2,22,0,0,7,0.2140,0.1929
1788517029,2,23,1,0,7,0.1901,0.1692
1788517029,2,24,0,0,7,0.2010,0.1804
1788517029,2,25,1,0,7,0.1451,0.1320
1788517029,2,26,0,0,7,0.1655,0.1535
1788517029,2,27,1,0,7,0.1700,0.1592
1788517029,2,28,0,0,7,0.1915,0.1659
1788517029,2,29,1,0,7,0.1718,0.1558
1788517029,2,30,0,0,7,0.1723,0.1565
1788517029,3,0,0,0,7,0.3613,0.3329
1788517029,3,1,1,0,7,1.0223,0.9606
1788517029,3,2,0,0,7,1.1280,1.0403
1788517029,3,3,1,0,7,0.9059,0.8408
1788517029,3,4,0,0,7,0.8514,0.8119
1788517029,3,5,1,0,7,0.7539,0.6922
1788517029,3,6,0,0,7,0.8999,0.8349
1788517029,3,7,1,0,7,0.9283,0.8740
1788517029,3,8,0,0,7,0.7343,0.6882
1788517029,3,9,1,0,7,0.3770,0.3502
1788517029,3,10,0,0,7,0.3475,0.3182
1788517029,3,11,1,0,7,0.3813,0.3483
1788517029,3,12,0,0,7,0.3514,0.3242
1788517029,3,13,1,0,7,0.2540,0.2250
1788517029,3,14,0,0,7,0.2831,0.2618
1788517029,3,15,1,1,7,1.0166,0.9485
1788517029,3,16,0,0,7,0.2976,0.2708
1788517029,3,17,1,0,7,0.2400,0.2211
1788517029,3,18,0,1,7,2.0589,1.9267
1788517029,3,19,1,0,7,0.3409,0.3118
1788517029,3,20,0,0,7,0.3371,0.3062
1788517029,3,21,1,0,7,0.3293,0.3012
1788517029,3,22,0,0,7,0.3155,0.2872
1788517029,3,23,1,0,7,0.2672,0.2462
1788517029,3,24,0,0,7,0.1998,0.1819
1788517029,3,25,1,0,7,0.2051,0.1853
1788517029,3,26,0,0,7,0.1757,0.1591
1788517029,3,27,1,0,7,0.1375,0.1252
1788517029,3,28,0,0,7,0.1761,0.1610
1788517029,3,29,1,0,7,0.1288,0.1171
1788517029,3,30,0,0,7,0.1685,0.1540
1788517029,3,31,1,0,7,0.1265,0.1144
1788517029,3,32,0,0,7,0.1839,0.1577
1788517029,3,33,1,0,7,0.1557,0.1465
1788517029,3,34,0,0,7,0.1717,0.1552
1788517029,4,0,0,0,7,0.2621,0.2423
1788517029,4,1,1,0,7,0.3188,0.2947
1788517029,4,2,0,1,7,1.0193,0.9494
1788517029,4,3,1,0,7,0.9966,0.9216
1788517029,4,4,0,1,7,2.0915,1.9551
1788517029,4,5,1,0,7,0.6041,0.5566
1788517029,4,6,0,0,7,0.3309,0.2989
1788517029,4,7,1,0,7,1.1112,1.0331
1788517029,4,8,0,1,7,2.9439,0.5784
1788517029,4,9,1,0,7,0.4789,2.7382
1788517029,4,10,0,0,7,0.4021,0.3829
1788517029,4,11,1,0,7,0.2946,0.2668
1788517029,4,12,0,0,7,0.2621,0.2419
1788517029,4,13,1,0,7,0.3600,0.3286
1788517029,4,14,0,0,7,0.2156,0.1986
1788517029,4,15,1,0,7,0.3504,0.3205
1788517029,4,16,0,0,7,0.3098,0.2876
1788517029,4,17,1,0,7,0.3764,0.3368
1788517029,4,18,0,0,7,0.2220,0.2035
1788517029,4,19,1,0,7,0.2106,0.1933
1788517029,4,20,0,0,7,0.1481,0.1332
1788517029,4,21,1,0,7,0.1495,0.1368
1788517029,4,22,0,0,7,0.1559,0.1414
1788517029,4,23,1,0,7,0.3502,0.2731
1788517029,4,24,0,0,7,0.1780,0.1624
1788517029,4,25,1,0,7,0.1700,0.1517
1788517029,5,0,0,0,7,0.3032,0.2697
1788517029,5,1,1,0,7,0.5623,0.5144
1788517029,5,2,0,0,7,3.6854,3.4780
1788517029,5,3,1,0,7,1.7489,1.6255
1788517029,5,4,0,0,7,2.0609,1.9490
1788517029,5,5,1,0,7,1.4270,1.3340
1788517029,5,6,0,0,7,2.0190,1.8898
1788517029,5,7,1,0,7,1.1630,1.0869
1788517029,5,8,0,0,7,0.6612,0.6153
1788517029,5,9,1,0,7,0.3500,0.3234
1788517029,5,10,0,0,7,0.3606,0.3343
1788517029,5,11,1,0,7,0.3156,0.2896
1788517029,5,12,0,1,7,4.3004,4.0252
1788517029,5,13,1,0,7,0.3913,0.3617
1788517029,5,14,0,0,7,0.6469,0.5671
1788517029,5,15,1,0,7,0.7351,0.6830
1788517029,5,16,0,0,7,0.3878,0.3479
1788517029,5,17,1,0,7,0.3961,0.3671
1788517029,5,18,0,0,7,0.3301,0.3075
1788517029,5,19,1,0,7,0.3480,0.3221
1788517029,5,20,0,0,7,0.2859,0.2620
1788517029,5,21,1,0,7,0.2286,0.2107
1788517029,5,22,0,0,7,0.2931,0.2681
1788517029,5,23,1,0,7,0.2151,0.1784
1788517029,5,24,0,0,7,0.1993,0.1828
1788517029,5,25,1,0,7,0.2760,0.2531
1788517029,5,26,0,0,7,0.1786,0.1638
1788517029,5,27,1,0,7,0.1975,0.1812
1788517029,5,28,0,0,7,0.1654,0.1493
1788517029,5,29,1,0,7,0.3513,0.3192
1788517029,5,30,0,0,7,0.3572,0.3307
1788517029,5,31,1,1,6,0.4449,0.4131
1788517029,5,32,0,0,6,0.1580,0.1462
1788517029,5,33,1,0,5,0.2020,0.1836
1788517029,5,34,0,0,6,0.1617,0.1505
1788517029,5,35,1,0,4,0.2520,0.2324
1788517029,5,36,0,0,6,0.2093,0.1903
1788517029,5,37,1,0,3,0.1762,0.1604
1788517029,5,38,0,0,5,0.2486,0.2268
1788517029,5,39,1,0,1,0.1771,0.1550
1788517029,6,0,0,0,7,0.1686,0.1601
1788517029,6,1,1,0,7,1.4828,1.3893
1788517029,6,2,0,0,7,1.1251,1.0533
1788517029,6,3,1,0,7,0.7910,0.7342
1788517029,6,4,0,0,7,1.6119,1.5082
1788517029,6,5,1,0,7,0.4834,0.4497
1788517029,6,6,0,0,7,0.4396,0.4121
1788517029,6,7,1,0,7,0.4672,0.4327
1788517029,6,8,0,0,7,0.4719,0.4385
1788517029,6,9,1,0,7,0.2985,0.2724
1788517029,6,10,0,0,7,0.4421,0.4095
1788517029,6,11,1,0,7,0.2250,0.2032
1788517029,6,12,0,0,7,0.4063,0.3813
1788517029,6,13,1,0,7,0.1965,0.1800
1788517029,6,14,0,0,7,0.1687,0.1540
1788517029,6,15,1,0,7,0.2185,0.1920
1788517029,6,16,0,0,7,0.1775,0.1629
1788517029,6,17,1,0,7,0.2169,0.1978
1788517029,6,18,0,0,7,0.1559,0.1392
1788517029,6,19,1,0,7,0.2019,0.1857
1788517029,6,20,0,0,7,0.1889,0.1690
1788517029,6,21,1,0,7,0.1826,0.1677
1788517029,6,22,0,0,7,0.1826,0.1673
1788517029,6,23,1,0,7,0.1785,0.1618
1788517029,6,24,0,0,7,0.1873,0.1725
1788517029,6,25,1,0,7,0.1838,0.1689
1788517029,6,26,0,0,7,0.2555,0.2352
1788517029,6,27,1,0,7,0.1724,0.1581
1788517029,6,28,0,0,7,0.1688,0.1542
1788517029,6,29,1,0,7,0.2042,0.1858
1788517029,6,30,0,0,7,0.2452,0.2262
1788517029,6,31,1,0,7,0.3234,0.2993
1788517029,6,32,0,0,7,0.2448,0.2243
1788517029,6,33,1,0,7,0.2994,0.2722
1788517029,6,34,0,0,7,0.5347,0.5020
1788517029,6,35,1,0,7,0.6886,0.6418
1788517029,6,36,0,0,7,0.4678,0.3934
1788517029,6,37,1,1,7,8.5408,7.9977
1788517029,6,38,0,1,7,2.7735,2.5839
1788517029,6,39,1,0,6,0.3516,0.3297
1788517029,6,40,0,0,5,0.5148,0.4765
1788517029,6,41,1,0,5,0.3328,0.3091
1788517029,6,42,0,0,4,0.2560,0.2372
1788517029,6,43,1,0,2,0.1654,0.1489
1788517029,6,44,0,0,2,0.1851,0.1692
1788517029,6,45,1,0,1,0.1779,0.1584
1788517029,7,0,0,0,7,0.8184,0.7666
1788517029,7,1,1,0,7,1.2694,1.1869
1788517029,7,2,0,0,7,0.9168,0.8534
1788517029,7,3,1,0,7,0.5300,0.4918
1788517029,7,4,0,0,7,0.4850,0.4490
1788517029,7,5,1,0,7,0.3691,0.3433
1788517029,7,6,0,0,7,0.4277,0.3941
1788517029,7,7,1,0,7,0.3679,0.3421
1788517029,7,8,0,0,7,0.5597,0.5208
1788517029,7,9,1,0,7,0.2651,0.2458
1788517029,7,10,0,0,7,0.2482,0.2300
1788517029,7,11,1,0,7,0.2147,0.2033
1788517029,7,12,0,0,7,0.2516,0.2316
1788517029,7,13,1,0,7,0.4719,0.4291
1788517029,7,14,0,0,7,0.4279,0.4039
1788517029,7,15,1,0,7,0.3331,0.3089
1788517029,7,16,0,0,7,0.5568,0.5094
1788517029,7,17,1,0,7,0.3539,0.3256
1788517029,7,18,0,0,7,0.3318,0.3051
1788517029,7,19,1,0,7,0.4671,0.3685
1788517029,7,20,0,0,7,0.3426,0.3073
1788517029,7,21,1,0,7,0.3076,0.2806
1788517029,7,22,0,0,7,0.4756,0.4351
1788517029,7,23,1,0,7,0.2609,0.2300
1788517029,7,24,0,0,7,0.2308,0.2121
1788517029,7,25,1,0,7,0.3606,0.3318
1788517029,7,26,0,1,7,1.9857,1.8461
1788517029,7,27,1,1,7,2.8186,2.6326
1788517029,7,28,0,0,7,0.2561,0.2333
1788517029,7,29,1,0,7,0.2403,0.2213
1788517029,7,30,0,0,7,0.2728,0.2508
1788517029,7,31,1,0,7,0.2240,0.2128
1788517029,7,32,0,0,7,0.1649,0.1510
1788517029,7,33,1,0,7,0.2052,0.1864
1788517029,7,34,0,0,7,0.1693,0.1552
1788517029,7,35,1,0,7,0.2332,0.2022
1788517029,7,36,0,0,7,0.1930,0.1749
1788517029,7,37,1,0,7,0.1844,0.1692
1788517029,7,38,0,0,7,0.2336,0.2155
1788517029,7,39,1,0,7,0.1868,0.1692
1788517029,7,40,0,0,7,0.1881,0.1732
1788517029,7,41,1,0,6,0.2109,0.1932
1788517029,7,42,0,0,6,0.1792,0.1619
1788517029,7,43,1,0,3,0.1394,0.1272
1788517029,7,44,0,0,5,0.1738,0.1615
1788517029,7,45,1,0,2,0.1063,0.0957
1788517029,7,46,0,0,3,0.1473,0.1324
1788517029,7,47,1,0,2,0.1033,0.0932
1788517029,7,48,0,0,2,0.1071,0.0964
1788517029,7,49,1,0,2,0.1033,0.0931
1788517029,7,50,0,0,2,0.1055,0.0953
1788517029,7,51,1,0,2,0.1043,0.0923
1788517029,7,52,0,0,2,0.1540,0.1051
1788517029,8,0,0,0,7,0.4310,0.3983
1788517029,8,1,1,0,7,1.0439,0.9745
1788517029,8,2,0,1,7,5.5403,5.1838
1788517029,8,3,1,0,7,0.7937,0.7398
1788517029,8,4,0,0,7,0.4941,0.4781
1788517029,8,5,1,0,7,0.6904,0.6368
1788517029,8,6,0,0,7,0.7284,0.6796
1788517029,8,7,1,0,7,0.3743,0.3439
1788517029,8,8,0,0,7,0.4271,0.3901
1788517029,8,9,1,0,7,0.4457,0.4177
1788517029,8,10,0,0,7,0.3291,0.2988
1788517029,8,11,1,0,7,0.2229,0.2061
1788517029,8,12,0,0,7,0.1687,0.1554
1788517029,8,13,1,0,7,0.2545,0.2362
1788517029,8,14,0,0,7,0.2688,0.2441
1788517029,8,15,1,0,7,0.2912,0.2679
1788517029,8,16,0,0,7,0.1653,0.1532
1788517029,8,17,1,0,7,0.2643,0.2453
1788517029,8,18,0,0,7,0.1821,0.1681
1788517029,8,19,1,0,7,0.2345,0.2171
1788517029,8,20,0,0,7,0.1438,0.1305
1788517029,8,21,1,0,7,0.1805,0.1646
1788517029,8,22,0,0,7,0.1671,0.1547
1788517029,8,23,1,0,7,0.1609,0.1484
1788517029,8,24,0,0,7,0.1401,0.1289
1788517029,8,25,1,0,7,0.1823,0.1683
1788517029,8,26,0,0,7,0.1988,0.1840
1788517029,8,27,1,0,7,0.1933,0.1768
1788517029,8,28,0,0,7,0.2948,0.2634
1788517029,8,29,1,1,7,0.9291,0.8683
1788517029,8,30,0,0,7,0.2865,0.2611
1788517029,8,31,1,0,7,0.2157,0.1987
1788517029,8,32,0,0,6,0.2030,0.1797
1788517029,8,33,1,0,5,0.1821,0.1666
1788517029,8,34,0,0,5,0.1888,0.1726
1788517029,8,35,1,0,4,0.1859,0.1697
1788517029,8,36,0,0,3,0.1576,0.1383
1788517029,8,37,1,0,3,0.1592,0.1451
1788517029,8,38,0,0,2,0.1483,0.1346
1788517029,8,39,1,0,1,0.1197,0.1078
1788517029,8,40,0,0,1,0.0977,0.0885
1788517029,8,41,1,0,1,0.0908,0.0812
1788517029,8,42,0,0,1,0.0918,0.0822
1788517029,8,43,1,0,1,0.0907,0.0811
1788517029,8,44,0,0,1,0.0919,0.0823
1788517029,9,0,0,0,7,0.1704,0.1559
1788517029,9,1,1,0,7,0.3480,0.3182
1788517029,9,2,0,0,7,0.5632,0.5243
1788517029,9,3,1,0,7,0.1687,0.1540
1788517029,9,4,0,0,7,0.2785,0.2569
1788517029,9,5,1,0,7,0.1984,0.1783
1788517029,9,6,0,0,7,0.3484,0.3217
1788517029,9,7,1,0,7,0.3050,0.2755
1788517029,9,8,0,0,7,0.2654,0.2374
1788517029,9,9,1,1,7,5.7478,5.3811
1788517029,9,10,0,0,7,0.5224,0.2915
1788517029,9,11,1,0,7,0.2789,0.2513
1788517029,9,12,0,0,7,0.2350,0.2163
1788517029,9,13,1,0,7,0.2642,0.2452
1788517029,9,14,0,0,7,0.2318,0.2135
1788517029,9,15,1,0,7,0.3645,0.3329
1788517029,9,16,0,0,7,0.2847,0.2725
1788517029,9,17,1,0,7,0.2118,0.1949
1788517029,9,18,0,0,7,0.3032,0.2803
1788517029,9,19,1,0,7,0.2196,0.2017
1788517029,9,20,0,1,7,0.8065,0.7437
1788517029,9,21,1,0,7,0.2090,0.1899
1788517029,9,22,0,0,7,0.1905,0.1752
1788517029,9,23,1,0,7,0.1540,0.1405
1788517029,9,24,0,0,7,0.2251,0.2075
1788517029,9,25,1,0,7,0.2696,0.2337
1788517029,9,26,0,0,7,0.1941,0.1842
1788517029,9,27,1,0,7,0.4408,0.4179
1788517029,9,28,0,0,7,0.2901,0.2659
1788517029,9,29,1,0,7,0.2286,0.2084
1788517029,9,30,0,0,7,0.1970,0.1921
1788517029,9,31,1,0,7,0.2828,0.2520
1788517029,9,32,0,0,7,0.2529,0.2331
1788517029,9,33,1,0,7,0.2905,0.2679
1788517029,9,34,0,0,7,0.2653,0.2441
1788517029,9,35,1,0,7,0.3369,0.3092
1788517029,9,36,0,0,7,0.2728,0.2504
1788517029,9,37,1,0,6,0.2932,0.2714
1788517029,9,38,0,0,4,0.1703,0.1559
1788517029,9,39,1,0,4,0.2173,0.1997
1788517029,9,40,0,0,3,0.1419,0.1273
1788517029,9,41,1,0,2,0.1347,0.1229
1788517029,9,42,0,0,2,0.1214,0.1105
1788517029,9,43,1,0,1,0.3428,0.3350
1788517029,10,0,0,0,7,0.5581,0.5191
1788517029,10,1,1,0,7,1.0314,0.9591
1788517029,10,2,0,0,7,0.3516,0.3184
1788517029,10,3,1,1,7,4.7497,4.4479
1788517029,10,4,0,0,7,0.4506,0.4223
1788517029,10,5,1,0,7,0.4531,0.4217
1788517029,10,6,0,0,7,0.5034,0.4679
1788517029,10,7,1,0,7,0.7700,0.7082
1788517029,10,8,0,0,7,0.3583,0.3302
1788517029,10,9,1,0,7,0.4620,0.4237
1788517029,10,10,0,0,7,1.4593,1.3558
1788517029,10,11,1,0,7,0.8651,0.7946
1788517029,10,12,0,0,7,0.8738,0.8128
1788517029,10,13,1,0,7,0.7546,0.6944
1788517029,10,14,0,0,7,0.9560,0.8820
1788517029,10,15,1,0,7,0.1998,0.1832
1788517029,10,16,0,0,7,0.1650,0.1499
1788517029,10,17,1,0,7,0.1556,0.1377
1788517029,10,18,0,0,7,0.1548,0.1409
1788517029,10,19,1,0,7,0.1349,0.1224
1788517029,10,20,0,0,7,0.1880,0.1722
1788517029,10,21,1,0,7,0.1406,0.1214
1788517029,11,0,0,0,7,0.4715,0.3863
1788517029,11,1,1,0,7,0.5987,0.5544
1788517029,11,2,0,0,7,0.5143,0.4662
1788517029,11,3,1,0,7,0.9728,0.9050
1788517029,11,4,0,0,7,0.3959,0.3633
1788517029,11,5,1,1,7,4.7563,4.4645
1788517029,11,6,0,0,7,0.7961,0.7381
1788517029,11,7,1,0,7,0.5929,0.5570
1788517029,11,8,0,0,7,0.4387,0.3975
1788517029,11,9,1,1,7,1.4159,1.3223
1788517029,11,10,0,0,7,0.2003,0.1818
1788517029,11,11,1,1,7,0.9656,0.8972
1788517029,11,12,0,0,7,0.2035,0.1861
1788517029,11,13,1,0,7,0.2684,0.2476
1788517029,11,14,0,0,7,0.3003,0.2775
1788517029,11,15,1,0,7,0.4451,0.4128
1788517029,11,16,0,0,7,0.1987,0.1805
1788517029,11,17,1,0,7,0.2593,0.2396
1788517029,11,18,0,0,7,0.1515,0.1381
1788517029,11,19,1,0,7,0.1681,0.1535
1788517029,11,20,0,0,7,0.1419,0.1294
1788517029,11,21,1,0,7,0.1943,0.1785
1788517029,11,22,0,0,7,0.1415,0.1247
1788517029,11,23,1,0,7,0.1342,0.1225
1788517029,11,24,0,0,7,0.1141,0.1033
1788517029,11,25,1,0,7,0.1322,0.1199
1788517029,11,26,0,0,7,0.1131,0.1027
1788517029,11,27,1,0,7,0.1308,0.1188
1788517029,11,28,0,0,7,0.1121,0.1014
1788517029,12,0,0,0,7,0.3632,0.3336
1788517029,12,1,1,0,7,0.7559,0.7016
1788517029,12,2,0,0,7,0.4671,0.4288
1788517029,12,3,1,0,7,0.5004,0.4628
1788517029,12,4,0,0,7,0.2083,0.1977
1788517029,12,5,1,0,7,0.6208,0.5686
1788517029,12,6,0,0,7,0.5775,0.5381
1788517029,12,7,1,0,7,0.2825,0.2588
1788517029,12,8,0,0,7,0.3023,0.2917
1788517029,12,9,1,1,7,0.6248,0.5806
1788517029,12,10,0,0,7,0.2480,0.2241
1788517029,12,11,1,0,7,0.2675,0.2475
1788517029,12,12,0,0,7,0.3423,0.3172
1788517029,12,13,1,0,7,0.2499,0.2271
1788517029,12,14,0,0,7,0.2543,0.2342
1788517029,12,15,1,0,7,0.2769,0.2541
1788517029,12,16,0,0,7,0.2084,0.1883
1788517029,12,17,1,0,7,0.4548,0.4086
1788517029,12,18,0,0,7,0.2808,0.2551
1788517029,12,19,1,1,7,1.2866,1.2023
1788517029,12,20,0,0,7,0.2425,0.2196
1788517029,12,21,1,0,7,0.1780,0.1630
1788517029,12,22,0,0,7,0.2154,0.1968
1788517029,12,23,1,0,7,0.1531,0.1413
1788517029,12,24,0,0,7,0.2302,0.2111
1788517029,12,25,1,0,7,0.2006,0.1826
1788517029,12,26,0,0,7,0.1925,0.1741
1788517029,12,27,1,0,7,0.1880,0.1727
1788517029,12,28,0,0,7,0.1857,0.1719
1788517029,12,29,1,0,7,0.1660,0.1605
1788517029,12,30,0,0,7,0.3159,0.3100
1788517029,12,31,1,0,7,0.1653,0.1495
1788517029,12,32,0,0,7,0.1420,0.1262
1788517029,12,33,1,0,7,0.1555,0.1399
1788517029,12,34,0,0,7,0.1340,0.1194
1788517029,12,35,1,0,7,0.1528,0.1417
1788517029,12,36,0,0,7,0.1308,0.1150
1788517029,13,0,0,1,7,8.2785,7.7546
1788517029,13,1,1,0,7,1.4287,1.3187
1788517029,13,2,0,0,7,0.9454,0.8826
1788517029,13,3,1,0,7,0.6786,0.6321
1788517029,13,4,0,0,7,0.6787,0.6300
1788517029,13,5,1,0,7,0.5865,0.1591
1788517029,13,6,0,0,7,1.3996,1.7480
1788517029,13,7,1,0,7,0.3921,0.3620
1788517029,13,8,0,0,7,0.3343,0.3044
1788517029,13,9,1,0,7,0.2460,0.2291
1788517029,13,10,0,0,7,0.3463,0.3182
1788517029,13,11,1,0,7,0.3367,0.3014
1788517029,13,12,0,0,7,0.2231,0.2028
1788517029,13,13,1,0,7,0.3407,0.3151
1788517029,13,14,0,0,7,0.2022,0.1886
1788517029,13,15,1,0,7,0.2602,0.2377
1788517029,13,16,0,0,7,0.4618,0.4353
1788517029,13,17,1,0,7,0.3156,0.2809
1788517029,13,18,0,0,7,0.4576,0.4221
1788517029,13,19,1,0,7,0.2474,0.2296
1788517029,13,20,0,0,7,0.2608,0.2328
1788517029,13,21,1,0,7,0.2622,0.2366
1788517029,13,22,0,0,7,0.4061,0.3739
1788517029,13,23,1,0,7,0.2276,0.2050
1788517029,13,24,0,1,7,0.7899,0.7545
1788517029,13,25,1,0,7,0.3190,0.2901
1788517029,13,26,0,0,7,0.3489,0.3213
1788517029,13,27,1,0,7,0.2953,0.2709
1788517029,13,28,0,0,7,0.2860,0.2567
1788517029,13,29,1,0,7,0.1977,0.1750
1788517029,13,30,0,0,7,0.2115,0.1930
1788517029,13,31,1,0,7,0.1693,0.1551
1788517029,13,32,0,0,7,0.2061,0.1891
1788517029,13,33,1,0,7,0.1877,0.1719
1788517029,13,34,0,0,7,0.6712,0.6171
1788517029,13,35,1,0,6,0.2728,0.2595
1788517029,13,36,0,0,5,0.3950,0.3690
1788517029,13,37,1,0,5,0.2097,0.2007
1788517029,13,38,0,0,4,0.2409,0.2141
1788517029,13,39,1,0,4,0.1953,0.1782
1788517029,13,40,0,0,2,0.1267,0.1168
1788517029,13,41,1,0,2,0.1013,0.0905
1788517029,13,42,0,0,2,0.1118,0.1006
1788517029,13,43,1,0,2,0.0990,0.0887
1788517029,13,44,0,0,2,0.1176,0.1047
1788517029,13,45,1,0,2,0.1047,0.0944
1788517029,14,0,0,0,7,1.3657,1.2650
1788517029,14,1,1,0,7,0.5442,0.5016
1788517029,14,2,0,0,7,0.9058,0.8432
1788517029,14,3,1,0,7,0.6858,0.6070
1788517029,14,4,0,0,7,0.9645,0.8955
1788517029,14,5,1,0,7,0.8119,0.7563
1788517029,14,6,0,0,7,0.7042,0.6519
1788517029,14,7,1,0,7,0.4267,0.3917
1788517029,14,8,0,0,7,0.6400,0.5906
1788517029,14,9,1,0,7,0.4800,0.4426
1788517029,14,10,0,0,7,0.4747,0.4316
1788517029,14,11,1,0,7,0.3446,0.3168
1788517029,14,12,0,0,7,0.6477,0.5951
1788517029,14,13,1,0,7,0.7460,0.6690
1788517029,14,14,0,0,7,0.4397,0.4039
1788517029,14,15,1,2,7,2.6411,2.4774
1788517029,14,16,0,0,7,0.3597,0.3303
1788517029,14,17,1,1,7,1.8134,1.6944
1788517029,14,18,0,0,7,0.7065,0.6590
1788517029,14,19,1,0,7,0.4833,0.4445
1788517029,14,20,0,0,7,0.4252,0.3796
1788517029,14,21,1,0,7,0.3795,0.3516
1788517029,14,22,0,0,7,0.3527,0.3260
1788517029,14,23,1,0,7,0.2817,0.2575
1788517029,14,24,0,0,7,0.3946,0.3648
1788517029,14,25,1,0,7,0.2416,0.2224
1788517029,14,26,0,0,7,0.3515,0.3255
1788517029,14,27,1,0,7,0.3018,0.2896
1788517029,14,28,0,0,7,0.3478,0.3213
1788517029,14,29,1,0,7,0.2075,0.1910
1788517029,14,30,0,0,7,0.2850,0.2769
1788517029,14,31,1,0,7,0.2055,0.1875
1788517029,14,32,0,0,7,0.2603,0.2409
1788517029,14,33,1,0,6,0.1794,0.1621
1788517029,14,34,0,0,6,0.2006,0.1846
1788517029,14,35,1,0,5,0.1427,0.1300
1788517029,14,36,0,0,5,0.1775,0.1628
1788517029,14,37,1,0,4,0.1231,0.1096
1788517029,14,38,0,0,4,0.1657,0.1515
1788517029,14,39,1,0,4,0.1358,0.1233
1788517029,14,40,0,0,3,0.1611,0.1472
1788517029,14,41,1,0,3,0.1637,0.1404
1788517029,14,42,0,0,2,0.1454,0.1318
1788517029,14,43,1,0,2,0.1576,0.1510
1788517029,14,44,0,0,2,0.1785,0.1602
1788517029,14,45,1,0,1,0.1622,0.1105
1788517029,14,46,0,0,2,0.1467,0.1374
1788517029,14,47,1,0,1,0.1994,0.1766
1788517029,14,48,0,0,2,0.1772,0.1465
1788517029,14,49,1,0,1,0.1802,0.1669
1788517029,15,0,0,1,7,3.5101,3.2889
1788517029,15,1,1,0,7,1.5146,1.4042
1788517029,15,2,0,0,7,1.1220,1.0361
1788517029,15,3,1,0,7,0.5861,0.5362
1788517029,15,4,0,0,7,0.3319,0.3079
1788517029,15,5,1,0,7,0.2968,0.2782
1788517029,15,6,0,0,7,0.6996,0.6608
1788517029,15,7,1,0,7,0.3906,0.3565
1788517029,15,8,0,0,7,0.2545,0.2294
1788517029,15,9,1,0,7,0.2244,0.2063
1788517029,15,10,0,0,7,0.1730,0.1585
1788517029,15,11,1,0,7,0.1858,0.1698
1788517029,15,12,0,0,7,0.1735,0.1553
1788517029,15,13,1,0,7,0.1571,0.1422
1788517029,15,14,0,0,7,0.2255,0.2079
1788517029,15,15,1,0,7,0.1937,0.1746
1788517029,15,16,0,0,7,0.2127,0.1885
1788517029,15,17,1,0,7,0.2124,0.1931
1788517029,15,18,0,0,7,0.2432,0.2221
1788517029,15,19,1,0,7,0.1766,0.1626
1788517029,15,20,0,0,7,0.2185,0.1922
1788517029,15,21,1,0,7,0.1491,0.1379
1788517029,15,22,0,0,7,0.2882,0.2537
1788517029,15,23,1,0,7,0.2417,0.1792
1788517029,15,24,0,0,7,0.2439,0.2291
1788517029,15,25,1,0,7,0.2059,0.1893
1788517029,15,26,0,0,7,0.3088,0.2883
1788517029,15,27,1,0,7,0.1793,0.1619
1788517029,15,28,0,0,7,0.2045,0.1902
1788517029,15,29,1,0,7,0.1630,0.1513
1788517029,15,30,0,0,7,0.2561,0.2380
1788517029,15,31,1,0,7,0.1599,0.1500
1788517029,15,32,0,0,7,0.3488,0.3254
1788517029,15,33,1,0,7,0.2693,0.2501
1788517029,15,34,0,0,7,0.3626,0.3374
1788517029,15,35,1,1,7,0.7278,0.6707
1788517029,15,36,0,0,7,0.3731,0.3586
1788517029,15,37,1,0,7,0.1938,0.1797
1788517029,15,38,0,0,7,0.1876,0.1724
1788517029,15,39,1,0,4,0.1212,0.1119
1788517029,15,40,0,0,6,0.1543,0.1431
1788517029,15,41,1,0,3,0.1071,0.0970
1788517029,15,42,0,0,5,0.1488,0.1381
1788517029,15,43,1,0,3,0.1022,0.0938
1788517029,15,44,0,0,4,0.1220,0.1124
1788517029,15,45,1,0,3,0.1018,0.0936
1788517029,15,46,0,0,4,0.1189,0.1097
1788517029,15,47,1,0,3,0.5223,0.0921
1788517029,15,48,0,0,4,0.1846,0.1733
1788517029,16,0,0,0,7,0.4146,0.3870
1788517029,16,1,1,0,7,1.8374,1.7167
1788517029,16,2,0,1,7,12.0115,11.2513
1788517029,16,3,1,1,7,9.8393,9.2168
1788517029,16,4,0,0,7,0.5186,0.4845
1788517029,16,5,1,0,7,0.5891,0.5486
1788517029,16,6,0,0,7,0.4675,0.4328
1788517029,16,7,1,0,7,0.3322,0.2994
1788517029,16,8,0,0,7,0.4844,0.4459
1788517029,16,9,1,0,7,0.4993,0.4644
1788517029,16,10,0,0,7,0.4827,0.4489
1788517029,16,11,1,0,7,0.3153,0.2898
1788517029,16,12,0,0,7,0.4991,0.4585
1788517029,16,13,1,0,7,0.2634,0.2427
1788517029,16,14,0,0,7,0.2488,0.2291
1788517029,16,15,1,0,7,0.2295,0.2092
1788517029,16,16,0,0,7,0.2152,0.1960
1788517029,16,17,1,0,7,0.2454,0.2262
1788517029,16,18,0,0,7,0.2028,0.1859
1788517029,16,19,1,0,7,0.2070,0.1901
1788517029,16,20,0,0,7,0.1726,0.1578
1788517029,16,21,1,0,7,0.2367,0.2292
1788517029,16,22,0,0,7,0.1904,0.1730
1788517029,16,23,1,0,7,0.2361,0.2176
1788517029,16,24,0,0,7,0.1829,0.1675
1788517029,16,25,1,0,7,0.2223,0.2045
1788517029,16,26,0,0,7,0.1635,0.1497
1788517029,16,27,1,0,7,0.2317,0.2115
1788517029,16,28,0,0,7,0.1971,0.1791
1788517029,16,29,1,0,7,0.1948,0.1792
1788517029,16,30,0,0,7,0.1768,0.1620
1788517029,16,31,1,0,7,0.1553,0.1414
1788517029,16,32,0,0,7,0.1753,0.1601
1788517029,16,33,1,0,7,0.1530,0.1394
1788517029,16,34,0,0,7,0.1762,0.1590
1788517029,16,35,1,0,7,0.1528,0.1385
1788517029,17,0,0,0,7,0.6552,0.6105
1788517029,17,1,1,0,7,0.8948,0.7964
1788517029,17,2,0,0,7,0.6926,0.6938
1788517029,17,3,1,0,7,0.7597,0.7021
1788517029,17,4,0,0,7,0.3253,0.2859
1788517029,17,5,1,0,7,0.3721,0.3429
1788517029,17,6,0,0,7,0.2696,0.2477
1788517029,17,7,1,0,7,0.2296,0.2028
1788517029,17,8,0,0,7,0.4011,0.3497
1788517029,17,9,1,0,7,0.2847,0.2582
1788517029,17,10,0,0,7,0.2148,0.1979
1788517029,17,11,1,0,7,0.2262,0.2075
1788517029,17,12,0,0,7,0.1844,0.1688
1788517029,17,13,1,0,7,0.1951,0.1818
1788517029,17,14,0,0,7,0.5002,0.2015
1788517029,17,15,1,0,7,0.2054,0.1860
1788517029,17,16,0,0,7,0.1630,0.1488
1788517029,17,17,1,0,7,0.1548,0.1383
1788517029,17,18,0,0,7,0.1607,0.1469
1788517029,17,19,1,0,7,0.1902,0.1701
1788517029,17,20,0,1,7,0.5744,0.5350
1788517029,17,21,1,0,7,0.1599,0.1446
1788517029,17,22,0,0,7,0.1888,0.1687
1788517029,17,23,1,0,7,0.2566,0.2356
1788517029,17,24,0,0,7,0.1779,0.1590
1788517029,17,25,1,0,7,0.1472,0.1341
1788517029,17,26,0,0,7,0.2427,0.2248
1788517029,17,27,1,0,7,0.1310,0.1170
1788517029,17,28,0,0,7,0.1480,0.1352
1788517029,17,29,1,0,7,0.1563,0.1426
1788517029,17,30,0,0,7,0.1602,0.2147
1788517029,17,31,1,0,7,0.1653,0.1479
1788517029,17,32,0,0,7,0.2378,0.2200
1788517029,17,33,1,0,7,0.1712,0.1566
1788517029,17,34,0,0,7,0.2299,0.2119
1788517029,17,35,1,0,7,0.2205,0.2028
1788517029,17,36,0,0,7,0.1939,0.1741
1788517029,17,37,1,0,7,0.1782,0.1632
1788517029,17,38,0,0,7,0.1862,0.1724
1788517029,17,39,1,0,7,0.1567,0.1434
1788517029,17,40,0,0,7,0.1688,0.1542
1788517029,17,41,1,0,7,0.1426,0.1300
1788517029,17,42,0,0,7,0.1718,0.1579
1788517029,17,43,1,0,7,0.1699,0.1306
1788517029,17,44,0,0,7,0.1913,0.1446
1788517029,17,45,1,0,7,0.1497,0.1342
1788517029,17,46,0,0,7,0.1439,0.1311
1788517029,17,47,1,0,7,0.1962,0.1771
1788517029,17,48,0,0,7,0.1348,0.1216
1788517029,17,49,1,0,7,0.1454,0.1324
1788517029,17,50,0,0,7,0.1528,0.1374
1788517029,17,51,1,0,7,0.1399,0.1274
1788517029,17,52,0,0,7,0.1459,0.1331
1788517029,17,53,1,0,7,0.1600,0.1447
1788517029,17,54,0,0,7,0.1267,0.1149
1788517029,17,55,1,1,7,0.4023,0.3730
1788517029,17,56,0,0,7,0.1199,0.1066
1788517029,17,57,1,0,6,0.1242,0.1124
1788517029,17,58,0,0,7,0.1164,0.1050
1788517029,17,59,1,0,6,0.1220,0.1105
1788517029,17,60,0,0,7,0.1186,0.1056
1788517029,17,61,1,0,6,0.1772,0.1608
1788517029,18,0,0,1,7,1.5842,1.4672
1788517029,18,1,1,0,7,0.5376,0.4974
1788517029,18,2,0,0,7,0.6142,0.5706
1788517029,18,3,1,0,7,0.8525,0.7928
1788517029,18,4,0,0,7,0.8734,0.6535
1788517029,18,5,1,1,7,2.8908,2.6291
1788517029,18,6,0,0,7,0.5792,0.5377
1788517029,18,7,1,1,7,3.4437,3.2171
1788517029,18,8,0,0,7,0.3412,0.3196
1788517029,18,9,1,0,7,0.2583,0.2389
1788517029,18,10,0,0,7,0.2883,0.2662
1788517029,18,11,1,0,7,0.2938,0.2719
1788517029,18,12,0,0,7,0.6132,0.5630
1788517029,18,13,1,0,7,0.4595,0.4270
1788517029,18,14,0,0,7,0.3040,0.2809
1788517029,18,15,1,0,7,0.3055,0.2801
1788517029,18,16,0,0,7,0.2404,0.2193
1788517029,18,17,1,0,7,0.2243,0.2064
1788517029,18,18,0,0,7,0.2677,0.2468
1788517029,18,19,1,0,7,0.1725,0.1579
1788517029,18,20,0,0,7,0.1918,0.1739
1788517029,18,21,1,0,7,0.1647,0.1503
1788517029,18,22,0,0,7,0.1637,0.1475
1788517029,18,23,1,0,7,0.1746,0.1599
1788517029,18,24,0,0,7,0.1649,0.1507
1788517029,18,25,1,0,7,0.2094,0.1924
1788517029,18,26,0,0,7,0.1338,0.1212
1788517029,18,27,1,0,7,0.1738,0.1566
1788517029,18,28,0,0,7,0.1418,0.1293
1788517029,18,29,1,0,7,0.1788,0.1614
1788517029,18,30,0,0,7,0.1924,0.1782
1788517029,18,31,1,0,7,0.1648,0.1506
1788517029,18,32,0,0,7,0.1930,0.1769
1788517029,18,33,1,0,7,0.1835,0.1814
1788517029,18,34,0,0,7,0.2153,0.1960
1788517029,18,35,1,0,7,0.2115,0.1942
1788517029,18,36,0,0,7,0.2831,0.2447
1788517029,18,37,1,0,6,0.2026,0.1910
1788517029,18,38,0,0,4,0.1406,0.1278
1788517029,18,39,1,0,4,0.1388,0.1260
1788517029,18,40,0,0,3,0.1297,0.1162
1788517029,18,41,1,0,2,0.1435,0.1291
1788517029,19,0,0,1,7,6.1075,5.7401
1788517029,19,1,1,0,7,1.2120,1.1359
1788517029,19,2,0,0,7,0.9871,0.9198
1788517029,19,3,1,0,7,1.1922,1.1143
1788517029,19,4,0,0,7,0.4677,0.4283
1788517029,19,5,1,0,7,0.6170,0.5668
1788517029,19,6,0,0,7,0.3028,0.2871
1788517029,19,7,1,0,7,0.2443,0.2227
1788517029,19,8,0,0,7,0.2683,0.2426
1788517029,19,9,1,0,7,0.2834,0.2610
1788517029,19,10,0,0,7,0.3124,0.2882
1788517029,19,11,1,0,7,0.2118,0.1918
1788517029,19,12,0,0,7,0.2158,0.1936
1788517029,19,13,1,0,7,0.1850,0.1695
1788517029,19,14,0,0,7,0.1706,0.1547
1788517029,19,15,1,0,7,0.1508,0.1367
1788517029,19,16,0,0,7,0.1705,0.1548
1788517029,19,17,1,0,7,0.1507,0.1347
1788517029,19,18,0,0,7,0.1666,0.1518
1788517029,19,19,1,0,7,0.1501,0.1331
1788517029,20,0,0,0,7,0.5191,0.4833
1788517029,20,1,1,1,7,9.3132,8.7257
1788517029,20,2,0,1,7,5.4006,5.0477
1788517029,20,3,1,1,7,14.8064,13.8700
1788517029,20,4,0,0,7,0.8118,0.7481
1788517029,20,5,1,0,7,1.1287,1.0491
1788517029,20,6,0,0,7,0.6380,0.5971
1788517029,20,7,1,0,7,0.4706,0.4359
1788517029,20,8,0,0,7,0.4465,0.4095
1788517029,20,9,1,0,7,0.4931,0.4558
1788517029,20,10,0,0,7,0.4454,0.4118
1788517029,20,11,1,0,7,0.3336,0.3064
1788517029,20,12,0,0,7,0.2093,0.1920
1788517029,20,13,1,0,7,0.1978,0.1794
1788517029,20,14,0,0,7,0.2323,0.2139
1788517029,20,15,1,0,7,0.2515,0.2317
1788517029,20,16,0,0,7,0.2655,0.2430
1788517029,20,17,1,0,7,0.2476,0.2282
1788517029,20,18,0,0,7,0.2133,0.1941
1788517029,20,19,1,0,7,0.2023,0.1858
1788517029,20,20,0,0,7,0.2172,0.1994
1788517029,20,21,1,0,7,0.1762,0.1654
1788517029,20,22,0,0,7,0.2666,0.2447
1788517029,20,23,1,0,7,0.2531,0.2319
1788517029,20,24,0,0,7,0.2426,0.2232
1788517029,20,25,1,0,7,0.2145,0.1953
1788517029,20,26,0,0,7,0.2184,0.0382
1788517029,20,27,1,0,7,0.1904,0.3356
1788517029,20,28,0,0,7,0.2379,0.2217
1788517029,20,29,1,0,7,0.1933,0.1812
1788517029,20,30,0,0,7,0.1611,0.1446
1788517029,21,0,0,0,7,0.4535,0.4217
1788517029,21,1,1,0,7,0.6192,0.5892
1788517029,21,2,0,0,7,0.3787,0.3486
1788517029,21,3,1,0,7,0.8410,0.7906
1788517029,21,4,0,0,7,2.2692,2.1985
1788517029,21,5,1,0,7,2.5103,2.3521
1788517029,21,6,0,0,7,0.8533,0.7922
1788517029,21,7,1,1,7,15.3569,14.3812
1788517029,21,8,0,0,7,0.7891,0.7407
1788517029,21,9,1,2,7,20.0526,18.7856
1788517029,21,10,0,0,7,0.3876,0.3562
1788517029,21,11,1,0,7,0.5422,0.5049
1788517029,21,12,0,0,7,0.3308,0.3021
1788517029,21,13,1,0,7,0.4565,0.4263
1788517029,21,14,0,0,7,0.5731,0.5306
1788517029,21,15,1,0,7,0.4279,0.3974
1788517029,21,16,0,0,7,0.2728,0.2498
1788517029,21,17,1,0,7,0.3406,0.3087
1788517029,21,18,0,0,7,0.1954,0.1856
1788517029,21,19,1,0,7,0.2641,0.2039
1788517029,21,20,0,0,7,0.1830,0.1641
1788517029,21,21,1,0,7,0.2225,0.1989
1788517029,21,22,0,0,7,0.2427,0.2229
1788517029,21,23,1,0,7,0.1894,0.1735
1788517029,21,24,0,0,7,0.2428,0.2242
1788517029,21,25,1,0,7,0.2814,0.2558
1788517029,21,26,0,0,7,0.1825,0.1702
1788517029,21,27,1,0,7,0.1897,0.1725
1788517029,21,28,0,0,7,0.2371,0.2189
1788517029,21,29,1,0,7,0.2132,0.1959
1788517029,21,30,0,0,7,0.3914,0.3529
1788517029,21,31,1,0,7,0.2253,0.2070
1788517029,21,32,0,0,6,0.1941,0.1710
1788517029,21,33,1,0,5,0.1798,0.1579
1788517029,21,34,0,0,4,0.2186,0.2050
1788517029,21,35,1,0,4,0.2014,0.1869
1788517029,21,36,0,0,3,0.1588,0.1427
1788517029,21,37,1,0,2,0.1368,0.1262
1788517029,21,38,0,0,2,0.1334,0.1218
1788517029,21,39,1,0,1,0.1346,0.1248
1788517029,22,0,0,0,7,0.9373,0.8682
1788517029,22,1,1,0,7,1.2672,1.1746
1788517029,22,2,0,0,7,0.4464,0.4132
1788517029,22,3,1,0,7,0.4421,0.4176
1788517029,22,4,0,0,7,0.2130,0.1971
1788517029,22,5,1,0,7,0.2492,0.2411
1788517029,22,6,0,0,7,0.1829,0.1668
1788517029,22,7,1,0,7,1.3186,1.2305
1788517029,22,8,0,0,7,0.4698,0.4301
1788517029,22,9,1,1,7,1.1729,1.0880
1788517029,22,10,0,0,7,0.4049,0.3950
1788517029,22,11,1,0,7,0.3500,0.3242
1788517029,22,12,0,0,7,0.3014,0.2786
1788517029,22,13,1,0,7,0.2511,0.2283
1788517029,22,14,0,0,7,0.4457,0.4224
1788517029,22,15,1,0,7,0.1838,0.1689
1788517029,22,16,0,0,7,0.3121,0.2887
1788517029,22,17,1,0,7,0.2497,0.2267
1788517029,22,18,0,0,7,0.3473,0.3223
1788517029,22,19,1,1,7,1.3871,1.2925
1788517029,22,20,0,0,7,0.3289,0.2997
1788517029,22,21,1,0,7,0.4799,0.4445
1788517029,22,22,0,0,7,0.3222,0.2988
1788517029,22,23,1,0,7,0.2091,0.1904
1788517029,22,24,0,0,7,0.2324,0.2140
1788517029,22,25,1,0,7,0.1657,0.1517
1788517029,22,26,0,0,7,0.2100,0.1929
1788517029,22,27,1,0,7,0.1530,0.1398
1788517029,22,28,0,0,7,0.2119,0.1935
1788517029,22,29,1,0,7,0.1805,0.1639
1788517029,22,30,0,0,7,0.1813,0.1664
1788517029,22,31,1,0,7,0.1786,0.1635
1788517029,22,32,0,0,7,0.1749,0.1605
1788517029,22,33,1,0,7,0.2098,0.1929
1788517029,22,34,0,0,7,0.1532,0.1394
1788517029,22,35,1,0,7,0.2206,0.2012
1788517029,22,36,0,0,7,0.1440,0.1293
1788517029,22,37,1,0,5,0.1168,0.1057
1788517029,22,38,0,0,6,0.1206,0.1088
1788517029,22,39,1,0,5,0.1154,0.1042
1788517029,22,40,0,0,6,0.1192,0.1078
1788517029,22,41,1,0,5,0.3504,0.3063
1788517029,22,42,0,0,6,0.1815,0.1627
1788517029,23,0,0,0,7,0.4006,0.3731
1788517029,23,1,1,0,7,0.5349,0.4984
1788517029,23,2,0,1,7,1.2433,1.1443
1788517029,23,3,1,0,7,0.3267,0.2985
1788517029,23,4,0,0,7,0.4313,0.4024
1788517029,23,5,1,0,7,0.7998,0.7402
1788517029,23,6,0,0,7,1.0191,0.9489
1788517029,23,7,1,0,7,0.4089,0.3798
1788517029,23,8,0,0,7,0.5058,0.4530
1788517029,23,9,1,0,7,0.7739,0.5220
1788517029,23,10,0,0,7,0.3271,0.3010
1788517029,23,11,1,0,7,0.4440,0.4049
1788517029,23,12,0,0,7,0.2750,0.2466
1788517029,23,13,1,0,7,0.3540,0.3246
1788517029,23,14,0,0,7,0.3175,0.2925
1788517029,23,15,1,0,7,0.4453,0.4158
1788517029,23,16,0,0,7,0.2972,0.2689
1788517029,23,17,1,0,7,0.7205,0.6674
1788517029,23,18,0,0,7,0.4150,0.3864
1788517029,23,19,1,0,7,0.3359,0.3110
1788517029,23,20,0,1,7,1.5262,1.4210
1788517029,23,21,1,0,7,0.6264,0.5760
1788517029,23,22,0,0,7,0.2574,0.2352
1788517029,23,23,1,0,7,0.2756,0.2547
1788517029,23,24,0,0,7,0.2099,0.1929
1788517029,23,25,1,0,7,0.2162,0.1988
1788517029,23,26,0,0,7,0.1929,0.1773
1788517029,23,27,1,0,7,0.2120,0.1926
1788517029,23,28,0,0,7,0.1896,0.1740
1788517029,23,29,1,0,7,0.2655,0.2352
1788517029,23,30,0,0,7,0.2516,0.2282
1788517029,23,31,1,0,7,0.2441,0.2282
1788517029,23,32,0,0,7,0.1886,0.1716
1788517029,23,33,1,0,7,0.2281,0.2123
1788517029,23,34,0,0,7,0.1842,0.1689
1788517029,23,35,1,0,7,0.2339,0.2154
1788517029,23,36,0,0,7,0.3551,0.3279
1788517029,23,37,1,0,7,0.3628,0.3352
1788517029,23,38,0,0,5,0.1902,0.1730
1788517029,23,39,1,0,5,0.1918,0.1731
1788517029,23,40,0,0,4,0.1674,0.1521
1788517029,23,41,1,0,4,0.2019,0.1854
1788517029,23,42,0,0,3,0.1707,0.1522
1788517029,23,43,1,0,2,0.1253,0.1141
1788517029,23,44,0,0,2,0.1469,0.1344
1788517029,24,0,0,0,7,0.4348,0.4036
1788517029,24,1,1,0,7,0.2384,0.2198
1788517029,24,2,0,0,7,0.4096,0.3784
1788517029,24,3,1,0,7,0.1948,0.1786
1788517029,24,4,0,0,7,0.7884,0.7349
1788517029,24,5,1,0,7,0.3873,0.3478
1788517029,24,6,0,0,7,0.7794,0.7315
1788517029,24,7,1,0,7,0.5616,0.5017
1788517029,24,8,0,0,7,0.3218,0.2923
1788517029,24,9,1,0,7,0.2821,0.2607
1788517029,24,10,0,0,7,0.2829,0.2605
1788517029,24,11,1,1,7,2.2102,2.0762
1788517029,24,12,0,0,7,0.3840,0.3524
1788517029,24,13,1,0,7,0.6046,0.5524
1788517029,24,14,0,1,7,1.3416,1.2510
1788517029,24,15,1,0,7,0.3428,0.3088
1788517029,24,16,0,0,7,0.2623,0.2419
1788517029,24,17,1,0,7,0.3413,0.2774
1788517029,24,18,0,0,7,0.2692,0.2598
1788517029,24,19,1,0,7,0.2259,0.2080
1788517029,24,20,0,0,7,0.2175,0.2052
1788517029,24,21,1,0,7,0.3193,0.2890
1788517029,24,22,0,0,7,0.2148,0.2038
1788517029,24,23,1,0,7,0.2153,0.1979
1788517029,24,24,0,0,7,0.3814,0.3497
1788517029,24,25,1,0,7,0.2139,0.1941
1788517029,24,26,0,0,7,0.1547,0.1415
1788517029,24,27,1,0,7,0.2220,0.2046
1788517029,24,28,0,0,7,0.1926,0.1765
1788517029,24,29,1,0,7,0.1998,0.1832
1788517029,24,30,0,0,7,0.1754,0.1586
1788517029,24,31,1,0,7,0.1802,0.1633
1788517029,24,32,0,0,7,0.1746,0.1600
1788517029,24,33,1,0,7,0.1690,0.1550
1788517029,24,34,0,0,7,0.1538,0.1406
1788517029,24,35,1,0,7,0.1827,0.1681
1788517029,24,36,0,0,7,0.2230,0.2053
1788517029,24,37,1,0,7,0.2117,0.1879
1788517029,24,38,0,0,7,0.2280,0.2042
1788517029,24,39,1,0,7,0.2049,0.1878
1788517029,24,40,0,0,7,0.2023,0.1917
1788517029,24,41,1,0,7,0.1781,0.1629
1788517029,24,42,0,0,7,0.2147,0.1660
1788517029,24,43,1,0,7,0.2060,0.1856
1788517029,24,44,0,0,6,0.1757,0.1695
1788517029,24,45,1,0,5,0.1535,0.1401
1788517029,24,46,0,0,4,0.1395,0.1268
1788517029,24,47,1,0,4,0.1896,0.1634
1788517029,24,48,0,0,3,0.1361,0.1308
1788517029,24,49,1,0,3,0.1480,0.1352
1788517029,24,50,0,0,3,0.1132,0.1000
1788517029,24,51,1,0,2,0.1108,0.1001
1788517029,24,52,0,0,3,0.1187,0.1025
1788517029,24,53,1,0,2,0.1152,0.1051
1788517029,24,54,0,0,3,0.1144,0.1012
1788517029,24,55,1,0,2,0.1082,0.0972
1788517029,25,0,0,0,7,0.7067,0.6503
1788517029,25,1,1,0,7,0.8147,0.7666
1788517029,25,2,0,0,7,0.4609,0.4240
1788517029,25,3,1,0,7,0.2422,0.2205
1788517029,25,4,0,0,7,0.2960,0.2746
1788517029,25,5,1,0,7,0.6233,0.5805
1788517029,25,6,0,0,7,0.4881,0.4481
1788517029,25,7,1,0,7,0.9285,0.8673
1788517029,25,8,0,1,7,3.8906,3.6452
1788517029,25,9,1,0,7,0.5107,0.4776
1788517029,25,10,0,1,7,1.6030,1.4974
1788517029,25,11,1,0,7,0.2815,0.2671
1788517029,25,12,0,0,7,0.4416,0.3985
1788517029,25,13,1,0,7,0.3136,0.2813
1788517029,25,14,0,0,7,0.4577,0.4269
1788517029,25,15,1,0,7,0.7842,0.7292
1788517029,25,16,0,0,7,0.3401,0.3129
1788517029,25,17,1,0,7,0.4639,0.4301
1788517029,25,18,0,0,7,0.4703,0.5434
1788517029,25,19,1,0,7,0.4216,0.3911
1788517029,25,20,0,0,7,0.3000,0.2672
1788517029,25,21,1,0,7,0.3493,0.3286
1788517029,25,22,0,0,7,0.1623,0.1477
1788517029,25,23,1,0,7,0.1813,0.1616
1788517029,25,24,0,0,7,0.1534,0.1402
1788517029,25,25,1,0,7,0.1823,0.1552
1788517029,25,26,0,0,7,0.1855,0.1677
1788517029,25,27,1,0,7,0.1872,0.1688
1788517029,25,28,0,0,7,0.1455,0.1328
1788517029,25,29,1,0,7,0.3248,0.3068
1788517029,25,30,0,1,7,0.4367,0.4052
1788517029,25,31,1,0,7,0.2066,0.1868
1788517029,25,32,0,0,7,0.1816,0.1672
1788517029,25,33,1,0,7,0.1773,0.1598
1788517029,25,34,0,0,7,0.1873,0.1726
1788517029,25,35,1,0,7,0.2514,0.2285
1788517029,25,36,0,0,7,0.2222,0.2026
1788517029,25,37,1,0,7,0.2721,0.2493
1788517029,25,38,0,0,7,0.2231,0.2032
1788517029,25,39,1,0,7,0.3068,0.2723
1788517029,25,40,0,0,6,0.1744,0.1565
1788517029,25,41,1,0,4,0.1558,0.1418
1788517029,25,42,0,0,4,0.1276,0.1156
1788517029,25,43,1,0,1,0.0992,0.0888
1788517029,25,44,0,0,3,0.1082,0.0974
1788517029,25,45,1,0,1,0.0988,0.0880
1788517029,25,46,0,0,3,0.1096,0.0969
1788517029,25,47,1,0,1,0.0973,0.0877
1788517029,25,48,0,0,3,0.1220,0.1120
1788517029,26,0,0,0,7,0.3336,0.3106
1788517029,26,1,1,0,7,0.9642,0.9047
1788517029,26,2,0,0,7,0.4273,0.3902
1788517029,26,3,1,0,7,0.3228,0.2977
1788517029,26,4,0,0,7,0.5283,0.4886
1788517029,26,5,1,0,7,2.3505,2.2002
1788517029,26,6,0,0,7,0.6859,0.6117
1788517029,26,7,1,0,7,1.0835,1.0160
1788517029,26,8,0,0,7,0.3437,0.3160
1788517029,26,9,1,0,7,0.6205,0.5641
1788517029,26,10,0,0,7,0.4003,0.3690
1788517029,26,11,1,0,7,0.5117,0.4771
1788517029,26,12,0,0,7,0.3100,0.2853
1788517029,26,13,1,0,7,0.4944,0.4627
1788517029,26,14,0,0,7,0.3532,0.3223
1788517029,26,15,1,0,7,0.3176,0.2892
1788517029,26,16,0,0,7,0.2880,0.2653
1788517029,26,17,1,0,7,0.2842,0.2636
1788517029,26,18,0,0,7,0.2748,0.2495
1788517029,26,19,1,0,7,0.2704,0.2477
1788517029,26,20,0,0,7,0.2816,0.2607
1788517029,26,21,1,0,7,0.2443,0.2241
1788517029,26,22,0,0,7,0.2294,0.2154
1788517029,26,23,1,0,7,0.1964,0.2242
1788517029,26,24,0,0,7,0.1993,0.1823
1788517029,26,25,1,0,7,0.1992,0.1832
1788517029,26,26,0,0,7,0.3730,0.3459
1788517029,26,27,1,0,7,0.2757,0.2267
1788517029,26,28,0,0,7,0.3347,0.3105
1788517029,26,29,1,0,7,0.2449,0.2233
1788517029,26,30,0,0,7,0.2819,0.2577
1788517029,26,31,1,1,7,0.6692,0.6234
1788517029,26,32,0,0,7,0.2207,0.2009
1788517029,26,33,1,1,7,0.5676,0.5282
1788517029,26,34,0,0,7,0.1793,0.1648
1788517029,26,35,1,1,7,0.5848,0.5443
1788517029,26,36,0,0,6,0.1579,0.1419
1788517029,26,37,1,1,6,0.4516,0.4164
1788517029,26,38,0,0,5,0.1635,0.1495
1788517029,26,39,1,0,4,0.1503,0.1372
1788517029,26,40,0,0,4,0.1283,0.1165
1788517029,26,41,1,0,3,0.1183,0.1073
1788517029,26,42,0,0,3,0.1169,0.1034
1788517029,26,43,1,0,3,0.1161,0.1050
1788517029,26,44,0,0,3,0.1128,0.1016
1788517029,26,45,1,0,3,0.1152,0.1039
1788517029,26,46,0,0,3,0.1151,0.1021
1788517029,27,0,0,1,7,9.8142,9.1869
1788517029,27,1,1,0,7,0.9679,0.9048
1788517029,27,2,0,1,7,9.8911,9.0696
1788517029,27,3,1,0,7,1.6518,1.5484
1788517029,27,4,0,0,7,0.7136,0.6645
1788517029,27,5,1,0,7,0.9375,0.8701
1788517029,27,6,0,0,7,0.6436,0.5978
1788517029,27,7,1,0,7,0.4187,0.3882
1788517029,27,8,0,0,7,0.3239,0.2967
1788517029,27,9,1,0,7,0.4609,0.4210
1788517029,27,10,0,0,7,0.2425,0.2235
1788517029,27,11,1,0,7,0.4075,0.3771
1788517029,27,12,0,0,7,0.2083,0.1919
1788517029,27,13,1,0,7,0.4404,0.4094
1788517029,27,14,0,0,7,0.2160,0.1967
1788517029,27,15,1,0,7,0.2431,0.2218
1788517029,27,16,0,0,7,0.1497,0.1368
1788517029,27,17,1,0,7,0.1542,0.1404
1788517029,27,18,0,0,7,0.2033,0.1865
1788517029,27,19,1,0,7,0.1963,0.1779
1788517029,27,20,0,0,7,0.2426,0.2239
1788517029,27,21,1,0,7,0.1792,0.1644
1788517029,27,22,0,0,7,0.2062,0.1866
1788517029,27,23,1,0,7,0.2016,0.1845
1788517029,27,24,0,0,7,0.1303,0.1161
1788517029,27,25,1,0,7,0.2375,0.2189
1788517029,27,26,0,0,7,0.1840,0.1187
1788517029,27,27,1,0,7,0.1768,0.1594
1788517029,27,28,0,0,7,0.1553,0.1423
1788517029,27,29,1,0,7,0.1464,0.1334
1788517029,27,30,0,0,7,0.1203,0.1090
1788517029,27,31,1,0,7,0.1183,0.1049
1788517029,27,32,0,0,7,0.1202,0.1091
1788517029,27,33,1,0,7,0.1152,0.1041
1788517029,27,34,0,0,7,0.1280,0.1157
1788517029,27,35,1,0,7,0.1164,0.1034
1788517029,28,0,0,0,7,0.4272,0.3967
1788517029,28,1,1,0,7,2.5277,2.3550
1788517029,28,2,0,1,7,3.7215,3.4656
1788517029,28,3,1,0,7,1.8012,1.6760
1788517029,28,4,0,1,7,2.2010,2.0632
1788517029,28,5,1,0,7,0.8707,0.8083
1788517029,28,6,0,0,7,0.3412,0.3161
1788517029,28,7,1,0,7,0.4133,0.3795
1788517029,28,8,0,0,7,0.2768,0.2574
1788517029,28,9,1,0,7,0.5398,0.4971
1788517029,28,10,0,0,7,0.4176,0.3864
1788517029,28,11,1,0,7,0.2929,0.2680
1788517029,28,12,0,0,7,0.3946,0.2718
1788517029,28,13,1,0,7,0.3399,0.3082
1788517029,28,14,0,0,7,0.5754,0.5315
1788517029,28,15,1,0,7,0.3951,0.3475
1788517029,28,16,0,0,7,0.2814,0.2575
1788517029,28,17,1,0,7,0.2268,0.2060
1788517029,28,18,0,0,7,0.1978,0.1818
1788517029,28,19,1,0,7,0.2258,0.2097
1788517029,28,20,0,0,7,0.2741,0.2185
1788517029,28,21,1,0,7,0.1912,0.1752
1788517029,28,22,0,0,7,0.2404,0.2179
1788517029,28,23,1,0,7,0.4582,0.4093
1788517029,28,24,0,0,7,0.2488,0.2171
1788517029,28,25,1,1,7,1.5152,1.4078
1788517029,28,26,0,0,7,0.2971,0.2747
1788517029,28,27,1,0,7,0.2898,0.2654
1788517029,28,28,0,0,7,0.2919,0.2744
1788517029,28,29,1,0,7,0.2678,0.2475
1788517029,28,30,0,0,7,0.2542,0.2338
1788517029,28,31,1,0,7,0.2448,0.2232
1788517029,28,32,0,0,7,0.2375,0.2173
1788517029,28,33,1,0,7,0.2899,0.2661
1788517029,28,34,0,0,6,0.1962,0.1723
1788517029,28,35,1,0,5,0.2149,0.1923
1788517029,28,36,0,0,4,0.1540,0.1450
1788517029,28,37,1,0,4,0.1504,0.1364
1788517029,28,38,0,0,4,0.1996,0.1813
1788517029,28,39,1,0,4,0.1866,0.1713
1788517029,28,40,0,0,4,0.1956,0.1311
1788517029,28,41,1,0,4,0.1553,0.1396
1788517029,29,0,0,0,7,0.6654,0.6251
1788517029,29,1,1,0,7,0.5745,0.5267
1788517029,29,2,0,0,7,0.9861,0.9177
1788517029,29,3,1,0,7,0.7542,0.6710
1788517029,29,4,0,0,7,0.6314,0.5806
1788517029,29,5,1,0,7,0.6436,0.5996
1788517029,29,6,0,0,7,0.5484,0.4969
1788517029,29,7,1,0,7,0.5519,0.5064
1788517029,29,8,0,0,7,0.2967,0.2681
1788517029,29,9,1,0,7,0.2569,0.2335
1788517029,29,10,0,0,7,0.4164,0.3861
1788517029,29,11,1,0,7,0.3391,0.3131
1788517029,29,12,0,0,7,0.2921,0.2692
1788517029,29,13,1,0,7,0.3414,0.3160
1788517029,29,14,0,0,7,0.2430,0.2238
1788517029,29,15,1,0,7,0.2749,0.2526
1788517029,29,16,0,0,7,0.3231,0.2979
1788517029,29,17,1,0,7,0.2016,0.1824
1788517029,29,18,0,0,7,0.1825,0.1623
1788517029,29,19,1,1,7,0.4009,0.3721
1788517029,29,20,0,0,7,0.3927,0.3642
1788517029,29,21,1,0,7,0.2323,0.2136
1788517029,29,22,0,0,7,0.2532,0.2296
1788517029,29,23,1,0,7,0.2956,0.2736
1788517029,29,24,0,0,7,0.3060,0.2328
1788517029,29,25,1,0,7,0.2843,0.2622
1788517029,29,26,0,0,7,0.1703,0.1703
1788517029,29,27,1,0,7,0.2100,0.1890
1788517029,29,28,0,0,7,0.1619,0.1446
1788517029,29,29,1,0,7,0.1888,0.1730
1788517029,29,30,0,0,7,0.1477,0.1351
1788517029,29,31,1,0,7,0.1890,0.1735
1788517029,29,32,0,0,7,0.1838,0.1686
1788517029,29,33,1,1,7,0.6653,0.6192
1788517029,29,34,0,0,7,0.3262,0.3000
1788517029,29,35,1,0,7,0.2106,0.1936
1788517029,29,36,0,0,5,0.1808,0.1657
1788517029,29,37,1,0,5,0.1930,0.1772
1788517029,29,38,0,0,3,0.1492,0.1359
1788517029,29,39,1,0,4,0.1562,0.1525
1788517029,29,40,0,0,1,0.1498,0.1350
1788517029,29,41,1,0,3,0.1457,0.1737
1788517029,29,42,0,0,1,0.1198,0.1005
1788517029,29,43,1,0,2,0.1509,0.1420
1788517029,29,44,0,0,1,0.1029,0.0940
1788517029,29,45,1,0,1,0.1322,0.1222
